siteID,plotID,collectDate,adultCount,nymphCount,larvaCount
HARV,HARV_022,2017-04-17,0,0,0
HARV,HARV_006,2017-04-17,0,1,0
HARV,HARV_026,2017-04-17,0,0,0
HARV,HARV_001,2017-04-17,0,0,0
HARV,HARV_004,2017-04-18,0,0,0
HARV,HARV_020,2017-04-18,1,1,0
HARV,HARV_022,2017-05-08,0,4,0
HARV,HARV_006,2017-05-08,0,0,0
HARV,HARV_026,2017-05-08,2,1,0
HARV,HARV_020,2017-05-09,3,1,0
HARV,HARV_004,2017-05-09,5,1,0
HARV,HARV_001,2017-05-09,1,0,0
HARV,HARV_006,2017-05-30,0,1,0
HARV,HARV_026,2017-05-30,3,0,0
HARV,HARV_001,2017-05-30,3,17,0
HARV,HARV_004,2017-05-30,0,9,0
HARV,HARV_020,2017-06-02,2,0,0
HARV,HARV_022,2017-06-02,1,0,2
HARV,HARV_006,2017-06-20,0,0,0
HARV,HARV_026,2017-06-20,1,0,0
HARV,HARV_022,2017-06-22,1,6,0
HARV,HARV_001,2017-06-22,1,12,0
HARV,HARV_004,2017-06-22,1,6,0
HARV,HARV_020,2017-06-22,4,2,0
HARV,HARV_020,2017-07-10,2,3,0
HARV,HARV_022,2017-07-10,0,7,3
HARV,HARV_006,2017-07-10,1,2,0
HARV,HARV_026,2017-07-10,1,2,0
HARV,HARV_001,2017-07-10,1,9,0
HARV,HARV_004,2017-07-10,1,6,0
HARV,HARV_022,2017-07-31,0,2,0
HARV,HARV_020,2017-07-31,2,3,0
HARV,HARV_004,2017-07-31,1,2,0
HARV,HARV_001,2017-07-31,0,6,0
HARV,HARV_006,2017-08-01,0,3,0
HARV,HARV_026,2017-08-01,0,2,0
HARV,HARV_022,2017-08-21,0,3,0
HARV,HARV_006,2017-08-21,0,0,40
HARV,HARV_026,2017-08-21,0,0,42
HARV,HARV_001,2017-08-21,0,2,13
HARV,HARV_004,2017-08-21,0,0,6
HARV,HARV_020,2017-08-21,0,1,1
HARV,HARV_006,2017-09-12,0,0,299
HARV,HARV_026,2017-09-12,0,0,27
HARV,HARV_001,2017-09-12,0,0,13
HARV,HARV_020,2017-09-12,0,1,6
HARV,HARV_004,2017-09-13,0,2,16
HARV,HARV_022,2017-09-13,0,0,45
HARV,HARV_022,2017-10-02,0,0,3
HARV,HARV_006,2017-10-02,0,0,34
HARV,HARV_026,2017-10-02,0,0,1
HARV,HARV_001,2017-10-02,0,1,0
HARV,HARV_004,2017-10-02,0,1,0
HARV,HARV_020,2017-10-02,0,1,0
HARV,HARV_001,2018-04-23,1,0,0
HARV,HARV_026,2018-04-23,1,0,0
HARV,HARV_006,2018-04-23,2,0,0
HARV,HARV_004,2018-04-23,0,0,0
HARV,HARV_002,2018-04-24,5,0,0
HARV,HARV_022,2018-04-24,0,0,0
HARV,HARV_022,2018-05-14,1,3,1
HARV,HARV_006,2018-05-14,2,0,0
HARV,HARV_026,2018-05-14,2,0,0
HARV,HARV_001,2018-05-14,1,0,0
HARV,HARV_004,2018-05-15,3,0,0
HARV,HARV_002,2018-05-16,3,0,0
HARV,HARV_022,2018-06-06,3,9,34
HARV,HARV_006,2018-06-06,3,2,3
HARV,HARV_026,2018-06-06,0,1,20
HARV,HARV_001,2018-06-06,3,1,1
HARV,HARV_004,2018-06-06,2,0,0
HARV,HARV_002,2018-06-07,8,0,0
HARV,HARV_001,2018-06-25,0,1,0
HARV,HARV_006,2018-06-25,0,1,0
HARV,HARV_022,2018-06-25,0,9,4
HARV,HARV_002,2018-06-26,3,3,7
HARV,HARV_004,2018-06-26,1,1,0
HARV,HARV_026,2018-06-27,4,2,0
HARV,HARV_002,2018-07-16,1,7,1
HARV,HARV_001,2018-07-16,0,4,0
HARV,HARV_006,2018-07-16,2,0,0
HARV,HARV_026,2018-07-16,1,3,0
HARV,HARV_004,2018-07-16,1,2,0
HARV,HARV_022,2018-07-16,0,9,1
HARV,HARV_006,2018-08-07,0,0,0
HARV,HARV_026,2018-08-07,1,0,0
HARV,HARV_001,2018-08-07,0,3,0
HARV,HARV_004,2018-08-07,0,0,0
HARV,HARV_022,2018-08-07,0,6,0
HARV,HARV_002,2018-08-08,1,0,0
HARV,HARV_002,2018-08-27,0,3,93
HARV,HARV_004,2018-08-27,0,0,10
HARV,HARV_026,2018-08-27,0,3,33
HARV,HARV_006,2018-08-27,0,0,55
HARV,HARV_022,2018-08-28,2,2,231
HARV,HARV_001,2018-08-28,0,1,0
HARV,HARV_022,2018-09-17,0,1,32
HARV,HARV_006,2018-09-17,0,0,34
HARV,HARV_026,2018-09-17,0,0,7
HARV,HARV_001,2018-09-17,0,0,2
HARV,HARV_004,2018-09-17,0,1,22
HARV,HARV_002,2018-09-20,0,2,37
HARV,HARV_022,2019-04-22,NA,NA,NA
HARV,HARV_026,2019-04-22,NA,NA,NA
HARV,HARV_006,2019-04-24,NA,NA,NA
HARV,HARV_001,2019-04-25,NA,NA,NA
HARV,HARV_022,2019-05-15,NA,NA,NA
HARV,HARV_026,2019-05-15,NA,NA,NA
HARV,HARV_001,2019-05-15,NA,NA,NA
HARV,HARV_006,2019-05-15,NA,NA,NA
HARV,HARV_004,2019-05-15,NA,NA,NA
HARV,HARV_022,2019-06-04,NA,NA,NA
HARV,HARV_004,2019-06-04,NA,NA,NA
HARV,HARV_006,2019-06-04,NA,NA,NA
HARV,HARV_026,2019-06-04,NA,NA,NA
HARV,HARV_001,2019-06-05,NA,NA,NA
HARV,HARV_002,2019-06-05,NA,NA,NA
HARV,HARV_002,2019-06-24,NA,NA,NA
HARV,HARV_004,2019-06-24,NA,NA,NA
HARV,HARV_001,2019-06-24,NA,NA,NA
HARV,HARV_006,2019-06-24,NA,NA,NA
HARV,HARV_026,2019-06-24,NA,NA,NA
HARV,HARV_022,2019-06-24,NA,NA,NA
HARV,HARV_006,2019-07-15,NA,NA,NA
HARV,HARV_026,2019-07-15,NA,NA,NA
HARV,HARV_022,2019-07-16,NA,NA,NA
HARV,HARV_001,2019-07-16,NA,NA,NA
HARV,HARV_004,2019-07-16,NA,NA,NA
HARV,HARV_002,2019-07-16,NA,NA,NA
HARV,HARV_006,2019-08-05,NA,NA,NA
HARV,HARV_026,2019-08-05,NA,NA,NA
HARV,HARV_022,2019-08-05,NA,NA,NA
HARV,HARV_001,2019-08-06,NA,NA,NA
HARV,HARV_004,2019-08-06,NA,NA,NA
HARV,HARV_002,2019-08-06,NA,NA,NA
HARV,HARV_022,2019-08-26,NA,NA,NA
HARV,HARV_002,2019-08-26,NA,NA,NA
HARV,HARV_004,2019-08-26,NA,NA,NA
HARV,HARV_001,2019-08-27,NA,NA,NA
HARV,HARV_026,2019-08-27,NA,NA,NA
HARV,HARV_006,2019-08-27,NA,NA,NA
HARV,HARV_006,2019-09-16,NA,NA,NA
HARV,HARV_026,2019-09-16,NA,NA,NA
HARV,HARV_001,2019-09-16,NA,NA,NA
HARV,HARV_002,2019-09-17,NA,NA,NA
HARV,HARV_004,2019-09-17,NA,NA,NA
HARV,HARV_022,2019-09-17,NA,NA,NA
HARV,HARV_022,2020-04-27,NA,NA,NA
HARV,HARV_002,2020-04-27,NA,NA,NA
HARV,HARV_006,2020-04-27,NA,NA,NA
HARV,HARV_004,2020-04-27,NA,NA,NA
HARV,HARV_026,2020-04-27,NA,NA,NA
HARV,HARV_001,2020-04-27,NA,NA,NA
HARV,HARV_006,2020-05-18,NA,NA,NA
HARV,HARV_004,2020-05-18,NA,NA,NA
HARV,HARV_001,2020-05-18,NA,NA,NA
HARV,HARV_026,2020-05-18,NA,NA,NA
HARV,HARV_022,2020-05-18,NA,NA,NA
HARV,HARV_002,2020-05-18,NA,NA,NA
HARV,HARV_026,2020-06-08,NA,NA,NA
HARV,HARV_001,2020-06-08,NA,NA,NA
HARV,HARV_002,2020-06-08,NA,NA,NA
HARV,HARV_022,2020-06-08,NA,NA,NA
HARV,HARV_006,2020-06-08,NA,NA,NA
HARV,HARV_004,2020-06-08,NA,NA,NA
HARV,HARV_001,2020-07-02,NA,NA,NA
HARV,HARV_022,2020-07-05,NA,NA,NA
HARV,HARV_004,2020-07-05,NA,NA,NA
HARV,HARV_006,2020-07-05,NA,NA,NA
HARV,HARV_026,2020-07-05,NA,NA,NA
HARV,HARV_002,2020-07-05,NA,NA,NA
HARV,HARV_004,2020-07-24,NA,NA,NA
HARV,HARV_022,2020-07-24,NA,NA,NA
HARV,HARV_002,2020-07-26,NA,NA,NA
HARV,HARV_001,2020-07-26,NA,NA,NA
HARV,HARV_006,2020-07-26,NA,NA,NA
HARV,HARV_026,2020-07-26,NA,NA,NA
HARV,HARV_022,2020-08-09,NA,NA,NA
HARV,HARV_004,2020-08-10,NA,NA,NA
HARV,HARV_026,2020-08-10,NA,NA,NA
HARV,HARV_006,2020-08-10,NA,NA,NA
HARV,HARV_002,2020-08-11,NA,NA,NA
HARV,HARV_001,2020-08-11,NA,NA,NA
HARV,HARV_022,2020-09-04,NA,NA,NA
HARV,HARV_004,2020-09-04,NA,NA,NA
HARV,HARV_006,2020-09-05,NA,NA,NA
HARV,HARV_002,2020-09-05,NA,NA,NA
HARV,HARV_026,2020-09-05,NA,NA,NA
HARV,HARV_001,2020-09-05,NA,NA,NA
HARV,HARV_022,2021-04-20,NA,NA,NA
HARV,HARV_026,2021-04-20,NA,NA,NA
HARV,HARV_006,2021-04-20,NA,NA,NA
HARV,HARV_001,2021-04-23,NA,NA,NA
HARV,HARV_004,2021-04-23,NA,NA,NA
HARV,HARV_002,2021-04-23,NA,NA,NA
HARV,HARV_022,2021-05-12,NA,NA,NA
HARV,HARV_001,2021-05-12,NA,NA,NA
HARV,HARV_004,2021-05-12,NA,NA,NA
HARV,HARV_006,2021-05-13,NA,NA,NA
HARV,HARV_026,2021-05-13,NA,NA,NA
HARV,HARV_002,2021-05-13,NA,NA,NA
SCBI,SCBI_006,2017-03-20,0,0,0
SCBI,SCBI_039,2017-03-20,0,0,0
SCBI,SCBI_005,2017-03-23,0,0,0
SCBI,SCBI_007,2017-03-23,2,0,0
SCBI,SCBI_013,2017-03-23,0,0,0
SCBI,SCBI_002,2017-03-23,0,0,0
SCBI,SCBI_039,2017-04-10,1,1,0
SCBI,SCBI_006,2017-04-10,2,0,0
SCBI,SCBI_005,2017-04-10,1,1,0
SCBI,SCBI_007,2017-04-10,1,0,0
SCBI,SCBI_002,2017-04-10,1,2,0
SCBI,SCBI_013,2017-04-10,2,3,0
SCBI,SCBI_039,2017-05-02,4,2,0
SCBI,SCBI_006,2017-05-02,2,2,0
SCBI,SCBI_005,2017-05-02,1,3,0
SCBI,SCBI_002,2017-05-02,1,1,0
SCBI,SCBI_007,2017-05-02,1,2,0
SCBI,SCBI_013,2017-05-02,0,4,0
SCBI,SCBI_039,2017-05-30,0,9,0
SCBI,SCBI_006,2017-05-31,0,1,0
SCBI,SCBI_002,2017-05-31,0,7,0
SCBI,SCBI_007,2017-05-31,4,5,0
SCBI,SCBI_013,2017-05-31,5,32,0
SCBI,SCBI_005,2017-05-31,3,5,0
SCBI,SCBI_002,2017-06-12,0,7,0
SCBI,SCBI_006,2017-06-12,0,1,0
SCBI,SCBI_039,2017-06-12,0,10,0
SCBI,SCBI_005,2017-06-12,0,0,0
SCBI,SCBI_007,2017-06-12,2,7,0
SCBI,SCBI_013,2017-06-13,2,21,0
SCBI,SCBI_039,2017-07-03,1,2,0
SCBI,SCBI_006,2017-07-03,6,0,0
SCBI,SCBI_005,2017-07-03,1,1,0
SCBI,SCBI_002,2017-07-03,0,4,7
SCBI,SCBI_013,2017-07-03,0,16,31
SCBI,SCBI_007,2017-07-03,0,2,6
SCBI,SCBI_039,2017-07-24,4,0,920
SCBI,SCBI_006,2017-07-24,3,0,2
SCBI,SCBI_005,2017-07-24,1,2,31
SCBI,SCBI_007,2017-07-25,0,0,36
SCBI,SCBI_002,2017-07-26,0,4,72
SCBI,SCBI_013,2017-07-26,0,27,127
SCBI,SCBI_007,2017-08-10,0,2,48
SCBI,SCBI_005,2017-08-10,0,0,14
SCBI,SCBI_006,2017-08-14,1,0,1
SCBI,SCBI_039,2017-08-14,0,1,715
SCBI,SCBI_002,2017-08-16,0,0,47
SCBI,SCBI_013,2017-08-16,0,2,83
SCBI,SCBI_006,2017-09-05,0,0,1
SCBI,SCBI_039,2017-09-05,0,1,4
SCBI,SCBI_007,2017-09-05,0,0,0
SCBI,SCBI_002,2017-09-05,0,1,8
SCBI,SCBI_005,2017-09-08,0,0,11
SCBI,SCBI_013,2017-09-08,0,0,17
SCBI,SCBI_039,2017-09-25,0,1,29
SCBI,SCBI_006,2017-09-25,0,0,0
SCBI,SCBI_002,2017-09-25,0,0,8
SCBI,SCBI_007,2017-09-25,0,0,2
SCBI,SCBI_005,2017-09-29,0,0,0
SCBI,SCBI_013,2017-09-29,0,0,0
SCBI,SCBI_039,2018-03-26,0,0,0
SCBI,SCBI_006,2018-03-26,0,0,0
SCBI,SCBI_013,2018-03-30,0,1,0
SCBI,SCBI_002,2018-03-30,0,0,0
SCBI,SCBI_005,2018-03-30,0,0,1
SCBI,SCBI_007,2018-03-30,0,0,0
SCBI,SCBI_006,2018-04-17,1,0,0
SCBI,SCBI_039,2018-04-17,0,0,0
SCBI,SCBI_013,2018-04-18,0,0,0
SCBI,SCBI_007,2018-04-18,0,2,0
SCBI,SCBI_005,2018-04-18,0,0,0
SCBI,SCBI_002,2018-04-19,0,0,0
SCBI,SCBI_002,2018-05-03,0,2,0
SCBI,SCBI_007,2018-05-03,1,3,0
SCBI,SCBI_006,2018-05-03,6,2,0
SCBI,SCBI_005,2018-05-03,0,0,0
SCBI,SCBI_013,2018-05-03,3,0,0
SCBI,SCBI_039,2018-05-03,10,0,0
SCBI,SCBI_005,2018-05-29,1,3,0
SCBI,SCBI_007,2018-05-29,1,17,0
SCBI,SCBI_002,2018-05-29,1,11,0
SCBI,SCBI_006,2018-05-29,1,1,0
SCBI,SCBI_039,2018-05-29,2,4,0
SCBI,SCBI_013,2018-05-29,0,28,0
SCBI,SCBI_039,2018-06-18,2,1,0
SCBI,SCBI_002,2018-06-18,2,17,0
SCBI,SCBI_006,2018-06-18,4,6,0
SCBI,SCBI_013,2018-06-18,1,19,0
SCBI,SCBI_005,2018-06-18,3,5,0
SCBI,SCBI_007,2018-06-18,1,7,0
SCBI,SCBI_006,2018-07-09,0,0,0
SCBI,SCBI_039,2018-07-09,2,4,0
SCBI,SCBI_007,2018-07-09,1,3,0
SCBI,SCBI_005,2018-07-09,0,0,0
SCBI,SCBI_013,2018-07-09,0,19,11
SCBI,SCBI_002,2018-07-09,2,10,0
SCBI,SCBI_013,2018-07-30,1,5,3
SCBI,SCBI_006,2018-07-30,0,2,1
SCBI,SCBI_007,2018-07-30,0,7,0
SCBI,SCBI_039,2018-07-30,1,2,0
SCBI,SCBI_005,2018-08-06,1,1,101
SCBI,SCBI_002,2018-08-06,0,2,547
SCBI,SCBI_007,2018-08-23,0,0,280
SCBI,SCBI_005,2018-08-23,0,0,0
SCBI,SCBI_002,2018-08-23,0,2,195
SCBI,SCBI_039,2018-08-23,0,0,0
SCBI,SCBI_006,2018-08-23,0,0,26
SCBI,SCBI_013,2018-08-24,0,2,6
SCBI,SCBI_007,2018-09-19,0,0,7
SCBI,SCBI_006,2018-09-19,0,0,1
SCBI,SCBI_013,2018-09-19,0,0,2
SCBI,SCBI_002,2018-09-19,0,1,1
SCBI,SCBI_039,2018-09-20,0,1,42
SCBI,SCBI_039,2018-10-01,0,15,0
SCBI,SCBI_013,2018-10-01,0,0,80
SCBI,SCBI_006,2018-10-01,0,18,0
SCBI,SCBI_007,2018-10-01,0,0,0
SCBI,SCBI_002,2018-10-01,0,0,2
SCBI,SCBI_014,2019-03-25,NA,NA,NA
SCBI,SCBI_006,2019-03-25,NA,NA,NA
SCBI,SCBI_002,2019-03-25,NA,NA,NA
SCBI,SCBI_013,2019-03-25,NA,NA,NA
SCBI,SCBI_007,2019-03-25,NA,NA,NA
SCBI,SCBI_005,2019-03-27,NA,NA,NA
SCBI,SCBI_007,2019-04-16,NA,NA,NA
SCBI,SCBI_005,2019-04-16,NA,NA,NA
SCBI,SCBI_014,2019-04-16,NA,NA,NA
SCBI,SCBI_002,2019-04-16,NA,NA,NA
SCBI,SCBI_013,2019-04-16,NA,NA,NA
SCBI,SCBI_006,2019-04-16,NA,NA,NA
SCBI,SCBI_006,2019-05-06,NA,NA,NA
SCBI,SCBI_002,2019-05-15,NA,NA,NA
SCBI,SCBI_014,2019-05-15,NA,NA,NA
SCBI,SCBI_007,2019-05-15,NA,NA,NA
SCBI,SCBI_013,2019-05-15,NA,NA,NA
SCBI,SCBI_005,2019-05-15,NA,NA,NA
SCBI,SCBI_006,2019-05-28,NA,NA,NA
SCBI,SCBI_014,2019-05-30,NA,NA,NA
SCBI,SCBI_013,2019-06-03,NA,NA,NA
SCBI,SCBI_014,2019-06-17,NA,NA,NA
SCBI,SCBI_005,2019-06-17,NA,NA,NA
SCBI,SCBI_013,2019-06-17,NA,NA,NA
SCBI,SCBI_006,2019-06-17,NA,NA,NA
SCBI,SCBI_002,2019-06-17,NA,NA,NA
SCBI,SCBI_007,2019-06-20,NA,NA,NA
SCBI,SCBI_007,2019-07-10,NA,NA,NA
SCBI,SCBI_002,2019-07-10,NA,NA,NA
SCBI,SCBI_006,2019-07-15,NA,NA,NA
SCBI,SCBI_005,2019-07-15,NA,NA,NA
SCBI,SCBI_014,2019-07-15,NA,NA,NA
SCBI,SCBI_013,2019-07-15,NA,NA,NA
SCBI,SCBI_007,2019-07-29,NA,NA,NA
SCBI,SCBI_002,2019-07-29,NA,NA,NA
SCBI,SCBI_006,2019-07-29,NA,NA,NA
SCBI,SCBI_013,2019-07-29,NA,NA,NA
SCBI,SCBI_014,2019-07-29,NA,NA,NA
SCBI,SCBI_005,2019-08-05,NA,NA,NA
SCBI,SCBI_006,2019-08-19,NA,NA,NA
SCBI,SCBI_007,2019-08-19,NA,NA,NA
SCBI,SCBI_002,2019-08-19,NA,NA,NA
SCBI,SCBI_014,2019-08-19,NA,NA,NA
SCBI,SCBI_013,2019-08-19,NA,NA,NA
SCBI,SCBI_005,2019-08-20,NA,NA,NA
SCBI,SCBI_006,2019-09-09,NA,NA,NA
SCBI,SCBI_007,2019-09-10,NA,NA,NA
SCBI,SCBI_002,2019-09-10,NA,NA,NA
SCBI,SCBI_014,2019-09-11,NA,NA,NA
SCBI,SCBI_013,2019-09-11,NA,NA,NA
SCBI,SCBI_005,2019-09-12,NA,NA,NA
SCBI,SCBI_006,2019-10-01,NA,NA,NA
SCBI,SCBI_007,2019-10-02,NA,NA,NA
SCBI,SCBI_002,2019-10-07,NA,NA,NA
SCBI,SCBI_014,2019-10-07,NA,NA,NA
SCBI,SCBI_013,2019-10-07,NA,NA,NA
SCBI,SCBI_007,2020-03-30,NA,NA,NA
SCBI,SCBI_014,2020-03-30,NA,NA,NA
SCBI,SCBI_006,2020-03-30,NA,NA,NA
SCBI,SCBI_002,2020-03-30,NA,NA,NA
SCBI,SCBI_013,2020-03-30,NA,NA,NA
SCBI,SCBI_005,2020-03-30,NA,NA,NA
SCBI,SCBI_013,2020-04-20,NA,NA,NA
SCBI,SCBI_005,2020-04-20,NA,NA,NA
SCBI,SCBI_002,2020-04-20,NA,NA,NA
SCBI,SCBI_006,2020-04-20,NA,NA,NA
SCBI,SCBI_007,2020-04-20,NA,NA,NA
SCBI,SCBI_014,2020-04-20,NA,NA,NA
SCBI,SCBI_014,2020-05-11,NA,NA,NA
SCBI,SCBI_013,2020-05-11,NA,NA,NA
SCBI,SCBI_005,2020-05-11,NA,NA,NA
SCBI,SCBI_002,2020-05-11,NA,NA,NA
SCBI,SCBI_007,2020-05-11,NA,NA,NA
SCBI,SCBI_006,2020-05-11,NA,NA,NA
SCBI,SCBI_014,2020-06-01,NA,NA,NA
SCBI,SCBI_013,2020-06-01,NA,NA,NA
SCBI,SCBI_007,2020-06-01,NA,NA,NA
SCBI,SCBI_006,2020-06-01,NA,NA,NA
SCBI,SCBI_005,2020-06-01,NA,NA,NA
SCBI,SCBI_002,2020-06-01,NA,NA,NA
SCBI,SCBI_014,2020-06-22,NA,NA,NA
SCBI,SCBI_002,2020-06-22,NA,NA,NA
SCBI,SCBI_013,2020-06-22,NA,NA,NA
SCBI,SCBI_006,2020-06-22,NA,NA,NA
SCBI,SCBI_007,2020-06-22,NA,NA,NA
SCBI,SCBI_005,2020-06-24,NA,NA,NA
SCBI,SCBI_006,2020-07-13,NA,NA,NA
SCBI,SCBI_002,2020-07-13,NA,NA,NA
SCBI,SCBI_013,2020-07-13,NA,NA,NA
SCBI,SCBI_005,2020-07-15,NA,NA,NA
SCBI,SCBI_014,2020-07-15,NA,NA,NA
SCBI,SCBI_007,2020-07-15,NA,NA,NA
SCBI,SCBI_007,2020-08-03,NA,NA,NA
SCBI,SCBI_002,2020-08-03,NA,NA,NA
SCBI,SCBI_014,2020-08-03,NA,NA,NA
SCBI,SCBI_006,2020-08-03,NA,NA,NA
SCBI,SCBI_013,2020-08-03,NA,NA,NA
SCBI,SCBI_005,2020-08-03,NA,NA,NA
SCBI,SCBI_007,2020-08-24,NA,NA,NA
SCBI,SCBI_013,2020-08-24,NA,NA,NA
SCBI,SCBI_002,2020-08-24,NA,NA,NA
SCBI,SCBI_014,2020-08-24,NA,NA,NA
SCBI,SCBI_006,2020-08-25,NA,NA,NA
SCBI,SCBI_005,2020-08-25,NA,NA,NA
SCBI,SCBI_005,2020-09-14,NA,NA,NA
SCBI,SCBI_014,2020-09-14,NA,NA,NA
SCBI,SCBI_006,2020-09-14,NA,NA,NA
SCBI,SCBI_013,2020-09-14,NA,NA,NA
SCBI,SCBI_002,2020-09-14,NA,NA,NA
SCBI,SCBI_007,2020-09-15,NA,NA,NA
SCBI,SCBI_013,2020-10-05,NA,NA,NA
SCBI,SCBI_007,2020-10-05,NA,NA,NA
SCBI,SCBI_006,2020-10-05,NA,NA,NA
SCBI,SCBI_002,2020-10-05,NA,NA,NA
SCBI,SCBI_014,2020-10-05,NA,NA,NA
SCBI,SCBI_005,2020-10-06,NA,NA,NA
SCBI,SCBI_006,2021-03-29,NA,NA,NA
SCBI,SCBI_002,2021-03-29,NA,NA,NA
SCBI,SCBI_005,2021-03-30,NA,NA,NA
SCBI,SCBI_014,2021-03-30,NA,NA,NA
SCBI,SCBI_013,2021-03-30,NA,NA,NA
SCBI,SCBI_007,2021-03-30,NA,NA,NA
SCBI,SCBI_014,2021-04-19,NA,NA,NA
SCBI,SCBI_013,2021-04-19,NA,NA,NA
SCBI,SCBI_006,2021-04-19,NA,NA,NA
SCBI,SCBI_002,2021-04-19,NA,NA,NA
SCBI,SCBI_007,2021-04-19,NA,NA,NA
SCBI,SCBI_005,2021-04-22,NA,NA,NA
SCBI,SCBI_013,2021-05-17,NA,NA,NA
SCBI,SCBI_002,2021-05-17,NA,NA,NA
SCBI,SCBI_006,2021-05-17,NA,NA,NA
SCBI,SCBI_007,2021-05-17,NA,NA,NA
SCBI,SCBI_005,2021-05-17,NA,NA,NA
SCBI,SCBI_014,2021-05-19,NA,NA,NA
JERC,JERC_034,2017-03-15,0,0,0
JERC,JERC_081,2017-03-15,0,0,0
JERC,JERC_010,2017-03-15,0,0,0
JERC,JERC_002,2017-03-15,0,0,0
JERC,JERC_011,2017-03-15,0,0,0
JERC,JERC_004,2017-03-15,0,0,0
JERC,JERC_010,2017-05-03,0,0,0
JERC,JERC_011,2017-05-03,0,0,0
JERC,JERC_004,2017-05-03,0,0,0
JERC,JERC_081,2017-05-03,0,0,0
JERC,JERC_002,2017-05-03,0,0,0
JERC,JERC_010,2017-06-06,0,0,0
JERC,JERC_002,2017-06-06,0,0,0
JERC,JERC_004,2017-06-06,0,0,0
JERC,JERC_081,2017-06-07,0,0,0
JERC,JERC_011,2017-06-07,0,0,0
JERC,JERC_011,2017-07-13,0,0,0
JERC,JERC_004,2017-07-13,0,0,0
JERC,JERC_002,2017-07-13,0,0,0
JERC,JERC_034,2017-07-13,0,0,0
JERC,JERC_081,2017-07-13,0,0,0
JERC,JERC_010,2017-07-13,0,0,0
JERC,JERC_034,2017-08-28,0,0,0
JERC,JERC_081,2017-08-28,0,0,0
JERC,JERC_010,2017-08-28,0,0,0
JERC,JERC_011,2017-08-28,0,0,0
JERC,JERC_004,2017-08-28,0,0,0
JERC,JERC_002,2017-08-28,0,0,0
JERC,JERC_010,2018-03-21,0,0,0
JERC,JERC_002,2018-03-21,0,0,0
JERC,JERC_004,2018-03-21,0,0,0
JERC,JERC_010,2018-03-27,0,0,0
JERC,JERC_081,2018-03-27,0,0,0
JERC,JERC_034,2018-03-27,0,0,0
JERC,JERC_004,2018-05-01,0,0,0
JERC,JERC_002,2018-05-01,0,0,0
JERC,JERC_034,2018-05-02,0,0,0
JERC,JERC_011,2018-05-02,0,0,0
JERC,JERC_010,2018-05-02,0,0,0
JERC,JERC_081,2018-05-02,0,0,0
JERC,JERC_081,2018-06-12,0,0,0
JERC,JERC_002,2018-06-12,0,0,0
JERC,JERC_004,2018-06-13,0,0,0
JERC,JERC_034,2018-06-13,0,0,0
JERC,JERC_010,2018-06-13,0,0,0
JERC,JERC_011,2018-06-13,0,0,0
JERC,JERC_011,2018-07-25,0,0,0
JERC,JERC_004,2018-07-25,0,0,0
JERC,JERC_002,2018-07-25,1,0,0
JERC,JERC_010,2018-07-25,0,0,0
JERC,JERC_034,2018-07-25,0,0,0
JERC,JERC_081,2018-07-25,1,0,0
JERC,JERC_011,2018-09-06,0,0,0
JERC,JERC_004,2018-09-06,0,0,0
JERC,JERC_002,2018-09-06,0,0,0
JERC,JERC_010,2018-09-06,0,0,0
JERC,JERC_034,2018-09-06,0,0,0
JERC,JERC_002,2019-03-25,NA,NA,NA
JERC,JERC_011,2019-03-25,NA,NA,NA
JERC,JERC_004,2019-03-25,NA,NA,NA
JERC,JERC_010,2019-03-26,NA,NA,NA
JERC,JERC_004,2019-03-26,NA,NA,NA
JERC,JERC_081,2019-05-07,NA,NA,NA
JERC,JERC_004,2019-05-07,NA,NA,NA
JERC,JERC_011,2019-05-07,NA,NA,NA
JERC,JERC_002,2019-05-07,NA,NA,NA
JERC,JERC_010,2019-05-07,NA,NA,NA
JERC,JERC_011,2019-06-17,NA,NA,NA
JERC,JERC_004,2019-06-17,NA,NA,NA
JERC,JERC_002,2019-06-17,NA,NA,NA
JERC,JERC_010,2019-06-18,NA,NA,NA
JERC,JERC_081,2019-06-18,NA,NA,NA
JERC,JERC_010,2019-07-29,NA,NA,NA
JERC,JERC_002,2019-07-29,NA,NA,NA
JERC,JERC_004,2019-07-29,NA,NA,NA
JERC,JERC_011,2019-07-29,NA,NA,NA
JERC,JERC_081,2019-07-29,NA,NA,NA
JERC,JERC_004,2019-09-09,NA,NA,NA
JERC,JERC_011,2019-09-09,NA,NA,NA
JERC,JERC_002,2019-09-09,NA,NA,NA
JERC,JERC_010,2019-09-09,NA,NA,NA
JERC,JERC_001,2019-09-09,NA,NA,NA
JERC,JERC_081,2019-09-09,NA,NA,NA
JERC,JERC_081,2020-03-24,NA,NA,NA
JERC,JERC_002,2020-03-24,NA,NA,NA
JERC,JERC_004,2020-03-24,NA,NA,NA
JERC,JERC_011,2020-03-24,NA,NA,NA
JERC,JERC_001,2020-03-24,NA,NA,NA
JERC,JERC_010,2020-03-24,NA,NA,NA
JERC,JERC_004,2020-05-05,NA,NA,NA
JERC,JERC_001,2020-05-05,NA,NA,NA
JERC,JERC_011,2020-05-05,NA,NA,NA
JERC,JERC_081,2020-05-05,NA,NA,NA
JERC,JERC_010,2020-05-05,NA,NA,NA
JERC,JERC_002,2020-05-05,NA,NA,NA
JERC,JERC_081,2020-06-15,NA,NA,NA
JERC,JERC_011,2020-06-15,NA,NA,NA
JERC,JERC_004,2020-06-15,NA,NA,NA
JERC,JERC_002,2020-06-15,NA,NA,NA
JERC,JERC_010,2020-06-15,NA,NA,NA
JERC,JERC_001,2020-06-16,NA,NA,NA
JERC,JERC_002,2020-07-28,NA,NA,NA
JERC,JERC_001,2020-07-28,NA,NA,NA
JERC,JERC_010,2020-07-28,NA,NA,NA
JERC,JERC_011,2020-07-28,NA,NA,NA
JERC,JERC_081,2020-07-28,NA,NA,NA
JERC,JERC_004,2020-07-28,NA,NA,NA
JERC,JERC_081,2020-09-07,NA,NA,NA
JERC,JERC_010,2020-09-07,NA,NA,NA
JERC,JERC_004,2020-09-07,NA,NA,NA
JERC,JERC_002,2020-09-07,NA,NA,NA
JERC,JERC_011,2020-09-07,NA,NA,NA
JERC,JERC_001,2020-09-07,NA,NA,NA
JERC,JERC_004,2021-03-25,NA,NA,NA
JERC,JERC_002,2021-03-25,NA,NA,NA
JERC,JERC_081,2021-03-29,NA,NA,NA
JERC,JERC_001,2021-03-29,NA,NA,NA
JERC,JERC_011,2021-03-29,NA,NA,NA
JERC,JERC_010,2021-03-29,NA,NA,NA
JERC,JERC_001,2021-05-04,NA,NA,NA
JERC,JERC_004,2021-05-12,NA,NA,NA
JERC,JERC_002,2021-05-13,NA,NA,NA
JERC,JERC_010,2021-05-13,NA,NA,NA
JERC,JERC_011,2021-05-18,NA,NA,NA
JERC,JERC_081,2021-05-18,NA,NA,NA
OSBS,OSBS_005,2017-03-27,17,171,0
OSBS,OSBS_002,2017-03-29,0,0,0
OSBS,OSBS_003,2017-03-29,2,24,0
OSBS,OSBS_022,2017-03-29,0,0,0
OSBS,OSBS_004,2017-03-29,0,1,0
OSBS,OSBS_001,2017-03-29,5,5,0
OSBS,OSBS_005,2017-03-29,17,171,0
OSBS,OSBS_002,2017-04-19,0,0,0
OSBS,OSBS_003,2017-04-19,10,37,0
OSBS,OSBS_004,2017-04-19,0,3,0
OSBS,OSBS_022,2017-04-19,0,1,0
OSBS,OSBS_001,2017-04-19,4,3,20
OSBS,OSBS_005,2017-04-19,34,211,158
OSBS,OSBS_002,2017-05-11,0,0,0
OSBS,OSBS_003,2017-05-11,14,16,0
OSBS,OSBS_022,2017-05-11,1,1,0
OSBS,OSBS_004,2017-05-11,0,0,0
OSBS,OSBS_001,2017-05-11,8,1,0
OSBS,OSBS_005,2017-05-11,27,114,0
OSBS,OSBS_002,2017-06-01,0,0,0
OSBS,OSBS_003,2017-06-01,15,14,428
OSBS,OSBS_022,2017-06-01,0,0,0
OSBS,OSBS_004,2017-06-01,0,0,0
OSBS,OSBS_001,2017-06-01,7,8,30
OSBS,OSBS_005,2017-06-01,15,78,1
OSBS,OSBS_003,2017-06-22,4,4,500
OSBS,OSBS_001,2017-06-22,5,0,0
OSBS,OSBS_005,2017-06-22,12,78,0
OSBS,OSBS_022,2017-06-22,0,0,0
OSBS,OSBS_004,2017-06-22,0,0,0
OSBS,OSBS_002,2017-06-22,0,0,0
OSBS,OSBS_002,2017-07-13,0,0,0
OSBS,OSBS_003,2017-07-17,8,14,168
OSBS,OSBS_022,2017-07-17,1,0,0
OSBS,OSBS_004,2017-07-17,0,0,0
OSBS,OSBS_001,2017-07-17,6,7,49
OSBS,OSBS_005,2017-07-17,10,51,0
OSBS,OSBS_022,2017-08-01,2,0,0
OSBS,OSBS_001,2017-08-08,6,10,405
OSBS,OSBS_002,2017-08-08,0,0,0
OSBS,OSBS_003,2017-08-08,4,21,112
OSBS,OSBS_022,2017-08-08,0,0,0
OSBS,OSBS_004,2017-08-08,0,1,2
OSBS,OSBS_005,2017-08-08,6,18,27
OSBS,OSBS_002,2017-08-22,0,0,0
OSBS,OSBS_004,2017-08-22,0,0,0
OSBS,OSBS_005,2017-08-24,3,43,50
OSBS,OSBS_003,2017-08-24,4,36,68
OSBS,OSBS_001,2017-08-24,4,17,429
OSBS,OSBS_022,2017-08-24,2,0,0
OSBS,OSBS_002,2017-09-20,0,0,0
OSBS,OSBS_003,2017-09-20,0,21,34
OSBS,OSBS_004,2017-09-20,0,0,0
OSBS,OSBS_001,2017-09-20,1,12,500
OSBS,OSBS_002,2018-03-13,0,0,0
OSBS,OSBS_004,2018-03-13,0,0,0
OSBS,OSBS_001,2018-03-13,1,3,0
OSBS,OSBS_002,2018-04-05,0,0,0
OSBS,OSBS_048,2018-04-05,2,3,0
OSBS,OSBS_004,2018-04-05,0,0,0
OSBS,OSBS_001,2018-04-05,6,38,0
OSBS,OSBS_005,2018-04-05,2,20,0
OSBS,OSBS_002,2018-04-24,0,0,0
OSBS,OSBS_004,2018-04-24,0,0,0
OSBS,OSBS_048,2018-04-24,0,5,0
OSBS,OSBS_001,2018-04-24,6,46,12
OSBS,OSBS_002,2018-05-22,0,0,0
OSBS,OSBS_004,2018-05-22,0,1,0
OSBS,OSBS_048,2018-05-22,1,2,0
OSBS,OSBS_001,2018-05-23,11,25,22
OSBS,OSBS_002,2018-06-07,0,0,0
OSBS,OSBS_004,2018-06-07,1,1,0
OSBS,OSBS_048,2018-06-07,1,1,0
OSBS,OSBS_001,2018-06-07,1,26,0
OSBS,OSBS_002,2018-06-28,0,0,0
OSBS,OSBS_048,2018-06-28,0,2,2
OSBS,OSBS_004,2018-06-28,0,0,0
OSBS,OSBS_001,2018-06-28,6,32,5
OSBS,OSBS_002,2018-07-17,0,0,0
OSBS,OSBS_048,2018-07-17,2,4,0
OSBS,OSBS_004,2018-07-19,0,0,0
OSBS,OSBS_002,2018-08-09,0,0,0
OSBS,OSBS_048,2018-08-09,1,0,0
OSBS,OSBS_004,2018-08-09,0,0,0
OSBS,OSBS_001,2018-08-09,10,45,209
OSBS,OSBS_002,2018-08-29,0,0,0
OSBS,OSBS_048,2018-08-29,0,0,0
OSBS,OSBS_004,2018-08-29,0,0,0
OSBS,OSBS_001,2018-08-31,6,39,287
OSBS,OSBS_002,2018-09-18,0,0,0
OSBS,OSBS_048,2018-09-18,0,0,0
OSBS,OSBS_004,2018-09-18,0,0,2
OSBS,OSBS_001,2018-09-18,2,42,204
OSBS,OSBS_002,2019-03-14,1,0,0
OSBS,OSBS_048,2019-03-14,0,0,0
OSBS,OSBS_004,2019-03-14,1,0,0
OSBS,OSBS_001,2019-03-14,26,0,0
OSBS,OSBS_004,2019-04-04,NA,NA,NA
OSBS,OSBS_048,2019-04-04,NA,NA,NA
OSBS,OSBS_001,2019-04-04,NA,NA,NA
OSBS,OSBS_002,2019-04-22,NA,NA,NA
OSBS,OSBS_048,2019-04-22,NA,NA,NA
OSBS,OSBS_004,2019-04-22,NA,NA,NA
OSBS,OSBS_001,2019-04-22,NA,NA,NA
OSBS,OSBS_002,2019-05-14,NA,NA,NA
OSBS,OSBS_004,2019-05-14,NA,NA,NA
OSBS,OSBS_048,2019-05-14,NA,NA,NA
OSBS,OSBS_001,2019-05-14,NA,NA,NA
OSBS,OSBS_002,2019-06-06,NA,NA,NA
OSBS,OSBS_048,2019-06-06,NA,NA,NA
OSBS,OSBS_004,2019-06-06,NA,NA,NA
OSBS,OSBS_001,2019-06-06,NA,NA,NA
OSBS,OSBS_002,2019-06-26,NA,NA,NA
OSBS,OSBS_004,2019-06-26,NA,NA,NA
OSBS,OSBS_048,2019-06-26,NA,NA,NA
OSBS,OSBS_001,2019-06-26,NA,NA,NA
OSBS,OSBS_002,2019-07-15,NA,NA,NA
OSBS,OSBS_004,2019-07-15,NA,NA,NA
OSBS,OSBS_048,2019-07-15,NA,NA,NA
OSBS,OSBS_001,2019-07-15,NA,NA,NA
OSBS,OSBS_005,2019-07-15,NA,NA,NA
OSBS,OSBS_002,2019-08-08,NA,NA,NA
OSBS,OSBS_004,2019-08-08,NA,NA,NA
OSBS,OSBS_048,2019-08-08,NA,NA,NA
OSBS,OSBS_001,2019-08-08,NA,NA,NA
OSBS,OSBS_002,2019-08-29,NA,NA,NA
OSBS,OSBS_048,2019-08-29,NA,NA,NA
OSBS,OSBS_004,2019-08-29,NA,NA,NA
OSBS,OSBS_001,2019-08-29,NA,NA,NA
OSBS,OSBS_002,2019-09-16,NA,NA,NA
OSBS,OSBS_048,2019-09-16,NA,NA,NA
OSBS,OSBS_004,2019-09-16,NA,NA,NA
OSBS,OSBS_001,2019-09-16,NA,NA,NA
OSBS,OSBS_063,2020-03-11,NA,NA,NA
OSBS,OSBS_002,2020-03-12,NA,NA,NA
OSBS,OSBS_048,2020-03-12,NA,NA,NA
OSBS,OSBS_004,2020-03-12,NA,NA,NA
OSBS,OSBS_077,2020-03-12,NA,NA,NA
OSBS,OSBS_001,2020-03-12,NA,NA,NA
OSBS,OSBS_001,2020-04-02,NA,NA,NA
OSBS,OSBS_048,2020-04-02,NA,NA,NA
OSBS,OSBS_077,2020-04-02,NA,NA,NA
OSBS,OSBS_063,2020-04-02,NA,NA,NA
OSBS,OSBS_004,2020-04-02,NA,NA,NA
OSBS,OSBS_002,2020-04-02,NA,NA,NA
OSBS,OSBS_001,2020-04-20,NA,NA,NA
OSBS,OSBS_004,2020-04-20,NA,NA,NA
OSBS,OSBS_077,2020-04-20,NA,NA,NA
OSBS,OSBS_048,2020-04-20,NA,NA,NA
OSBS,OSBS_002,2020-04-20,NA,NA,NA
OSBS,OSBS_063,2020-04-20,NA,NA,NA
OSBS,OSBS_002,2020-05-11,NA,NA,NA
OSBS,OSBS_001,2020-05-11,NA,NA,NA
OSBS,OSBS_048,2020-05-11,NA,NA,NA
OSBS,OSBS_063,2020-05-11,NA,NA,NA
OSBS,OSBS_077,2020-05-11,NA,NA,NA
OSBS,OSBS_004,2020-05-11,NA,NA,NA
OSBS,OSBS_002,2020-06-22,NA,NA,NA
OSBS,OSBS_048,2020-06-22,NA,NA,NA
OSBS,OSBS_004,2020-06-22,NA,NA,NA
OSBS,OSBS_063,2020-06-22,NA,NA,NA
OSBS,OSBS_077,2020-06-22,NA,NA,NA
OSBS,OSBS_001,2020-06-22,NA,NA,NA
OSBS,OSBS_002,2020-07-13,NA,NA,NA
OSBS,OSBS_048,2020-07-13,NA,NA,NA
OSBS,OSBS_004,2020-07-13,NA,NA,NA
OSBS,OSBS_063,2020-07-13,NA,NA,NA
OSBS,OSBS_077,2020-07-13,NA,NA,NA
OSBS,OSBS_001,2020-07-13,NA,NA,NA
OSBS,OSBS_002,2020-08-03,NA,NA,NA
OSBS,OSBS_001,2020-08-03,NA,NA,NA
OSBS,OSBS_004,2020-08-03,NA,NA,NA
OSBS,OSBS_063,2020-08-04,NA,NA,NA
OSBS,OSBS_048,2020-08-04,NA,NA,NA
OSBS,OSBS_077,2020-08-04,NA,NA,NA
OSBS,OSBS_063,2020-08-27,NA,NA,NA
OSBS,OSBS_002,2020-08-27,NA,NA,NA
OSBS,OSBS_004,2020-08-27,NA,NA,NA
OSBS,OSBS_077,2020-08-27,NA,NA,NA
OSBS,OSBS_001,2020-08-27,NA,NA,NA
OSBS,OSBS_048,2020-08-27,NA,NA,NA
OSBS,OSBS_002,2020-09-17,NA,NA,NA
OSBS,OSBS_063,2020-09-17,NA,NA,NA
OSBS,OSBS_004,2020-09-17,NA,NA,NA
OSBS,OSBS_048,2020-09-17,NA,NA,NA
OSBS,OSBS_001,2020-09-17,NA,NA,NA
OSBS,OSBS_077,2020-09-17,NA,NA,NA
OSBS,OSBS_063,2021-03-10,NA,NA,NA
OSBS,OSBS_004,2021-03-10,NA,NA,NA
OSBS,OSBS_048,2021-03-10,NA,NA,NA
OSBS,OSBS_002,2021-03-10,NA,NA,NA
OSBS,OSBS_077,2021-03-10,NA,NA,NA
OSBS,OSBS_001,2021-03-10,NA,NA,NA
OSBS,OSBS_063,2021-03-31,NA,NA,NA
OSBS,OSBS_004,2021-03-31,NA,NA,NA
OSBS,OSBS_048,2021-03-31,NA,NA,NA
OSBS,OSBS_002,2021-04-01,NA,NA,NA
OSBS,OSBS_077,2021-04-01,NA,NA,NA
OSBS,OSBS_001,2021-04-01,NA,NA,NA
OSBS,OSBS_063,2021-04-20,NA,NA,NA
OSBS,OSBS_002,2021-04-20,NA,NA,NA
OSBS,OSBS_048,2021-04-20,NA,NA,NA
OSBS,OSBS_004,2021-04-20,NA,NA,NA
OSBS,OSBS_077,2021-04-20,NA,NA,NA
OSBS,OSBS_001,2021-04-20,NA,NA,NA
OSBS,OSBS_001,2021-05-10,NA,NA,NA
OSBS,OSBS_077,2021-05-10,NA,NA,NA
OSBS,OSBS_063,2021-05-10,NA,NA,NA
OSBS,OSBS_004,2021-05-10,NA,NA,NA
OSBS,OSBS_048,2021-05-10,NA,NA,NA
OSBS,OSBS_002,2021-05-10,NA,NA,NA
DELA,DELA_008,2017-03-06,0,0,0
DELA,DELA_005,2017-03-06,0,0,0
DELA,DELA_014,2017-03-06,0,0,0
DELA,DELA_016,2017-03-06,0,0,0
DELA,DELA_001,2017-03-06,0,0,0
DELA,DELA_007,2017-03-06,0,0,0
DELA,DELA_016,2017-03-27,0,1,0
DELA,DELA_007,2017-03-27,0,0,0
DELA,DELA_005,2017-03-27,1,1,0
DELA,DELA_014,2017-03-27,0,0,0
DELA,DELA_008,2017-03-29,0,0,0
DELA,DELA_001,2017-03-29,0,0,0
DELA,DELA_007,2017-04-19,0,0,0
DELA,DELA_008,2017-04-19,0,0,0
DELA,DELA_014,2017-04-19,0,0,0
DELA,DELA_005,2017-04-19,0,1,0
DELA,DELA_016,2017-04-19,0,0,0
DELA,DELA_005,2017-05-10,0,0,0
DELA,DELA_014,2017-05-10,0,0,0
DELA,DELA_007,2017-05-10,1,3,0
DELA,DELA_001,2017-05-10,0,0,0
DELA,DELA_016,2017-05-10,0,0,0
DELA,DELA_008,2017-05-10,1,0,0
DELA,DELA_001,2017-06-01,0,0,0
DELA,DELA_005,2017-06-01,0,0,0
DELA,DELA_016,2017-06-01,0,0,0
DELA,DELA_014,2017-06-01,0,0,0
DELA,DELA_008,2017-06-01,0,0,0
DELA,DELA_007,2017-06-01,0,0,0
DELA,DELA_007,2017-06-19,0,0,6
DELA,DELA_005,2017-06-19,1,0,0
DELA,DELA_014,2017-06-19,0,0,0
DELA,DELA_016,2017-06-19,0,0,0
DELA,DELA_001,2017-06-19,0,0,0
DELA,DELA_008,2017-06-19,0,0,0
DELA,DELA_005,2017-07-12,0,0,0
DELA,DELA_014,2017-07-12,0,0,0
DELA,DELA_007,2017-07-12,0,0,0
DELA,DELA_016,2017-07-12,0,0,0
DELA,DELA_008,2017-07-12,0,0,0
DELA,DELA_001,2017-08-02,0,1,0
DELA,DELA_008,2017-08-02,0,0,0
DELA,DELA_016,2017-08-02,0,0,0
DELA,DELA_007,2017-08-02,0,0,0
DELA,DELA_005,2017-08-02,0,0,0
DELA,DELA_014,2017-08-02,0,0,0
DELA,DELA_001,2017-08-24,0,0,0
DELA,DELA_005,2017-08-24,0,0,0
DELA,DELA_007,2017-08-24,0,2,0
DELA,DELA_014,2017-08-24,0,2,0
DELA,DELA_008,2017-08-24,0,0,0
DELA,DELA_016,2017-08-24,0,0,0
DELA,DELA_014,2017-09-14,0,0,0
DELA,DELA_005,2017-09-14,0,0,0
DELA,DELA_001,2017-09-14,0,0,0
DELA,DELA_016,2017-09-14,0,0,0
DELA,DELA_008,2017-09-14,0,0,0
DELA,DELA_007,2017-09-14,0,0,0
DELA,DELA_005,2018-03-09,0,0,0
DELA,DELA_007,2018-03-09,0,0,0
DELA,DELA_016,2018-03-09,0,0,0
DELA,DELA_014,2018-03-09,0,0,0
DELA,DELA_008,2018-03-27,0,0,0
DELA,DELA_014,2018-03-27,0,0,0
DELA,DELA_007,2018-03-27,0,0,0
DELA,DELA_016,2018-03-27,0,0,0
DELA,DELA_001,2018-03-27,0,0,0
DELA,DELA_005,2018-03-27,0,0,0
DELA,DELA_005,2018-05-08,0,0,0
DELA,DELA_014,2018-05-08,0,0,0
DELA,DELA_008,2018-05-08,0,0,0
DELA,DELA_016,2018-05-08,0,1,0
DELA,DELA_007,2018-05-08,0,0,0
DELA,DELA_011,2018-06-06,0,0,0
DELA,DELA_005,2018-06-06,0,0,0
DELA,DELA_008,2018-06-06,0,3,0
DELA,DELA_004,2018-06-06,0,0,0
DELA,DELA_014,2018-06-06,0,0,0
DELA,DELA_001,2018-06-06,0,0,0
DELA,DELA_011,2018-06-19,0,0,0
DELA,DELA_005,2018-06-19,0,0,0
DELA,DELA_014,2018-06-19,0,0,0
DELA,DELA_008,2018-06-19,0,4,0
DELA,DELA_004,2018-06-19,0,0,0
DELA,DELA_001,2018-06-19,0,0,0
DELA,DELA_001,2018-07-10,0,1,0
DELA,DELA_008,2018-07-10,0,0,0
DELA,DELA_014,2018-07-10,0,0,0
DELA,DELA_011,2018-07-10,0,0,0
DELA,DELA_004,2018-07-10,0,0,0
DELA,DELA_005,2018-07-10,0,0,0
DELA,DELA_014,2018-07-31,0,0,0
DELA,DELA_004,2018-07-31,0,0,0
DELA,DELA_008,2018-07-31,0,1,0
DELA,DELA_011,2018-07-31,0,0,0
DELA,DELA_001,2018-07-31,0,0,0
DELA,DELA_005,2018-07-31,0,0,0
DELA,DELA_014,2018-08-23,0,0,0
DELA,DELA_008,2018-08-23,0,2,0
DELA,DELA_011,2018-08-23,0,0,0
DELA,DELA_001,2018-08-23,0,0,0
DELA,DELA_005,2018-08-23,0,0,0
DELA,DELA_004,2018-08-23,0,0,0
DELA,DELA_014,2018-09-12,0,0,0
DELA,DELA_001,2018-09-12,0,0,0
DELA,DELA_008,2018-09-12,0,0,0
DELA,DELA_004,2018-09-12,0,0,0
DELA,DELA_005,2018-09-13,0,2,0
DELA,DELA_011,2018-09-13,0,0,0
DELA,DELA_008,2018-10-04,0,0,0
DELA,DELA_011,2018-10-04,0,0,0
DELA,DELA_014,2018-10-04,0,0,0
DELA,DELA_005,2018-10-04,0,0,0
DELA,DELA_004,2018-10-04,0,0,0
DELA,DELA_001,2018-10-04,0,0,0
DELA,DELA_004,2019-03-26,NA,NA,NA
DELA,DELA_011,2019-03-26,NA,NA,NA
DELA,DELA_005,2019-03-26,NA,NA,NA
DELA,DELA_008,2019-03-26,NA,NA,NA
DELA,DELA_008,2019-05-08,NA,NA,NA
DELA,DELA_011,2019-05-08,NA,NA,NA
DELA,DELA_005,2019-05-08,NA,NA,NA
DELA,DELA_014,2019-05-08,NA,NA,NA
DELA,DELA_004,2019-05-08,NA,NA,NA
DELA,DELA_011,2019-05-28,NA,NA,NA
DELA,DELA_008,2019-05-28,NA,NA,NA
DELA,DELA_005,2019-05-28,NA,NA,NA
DELA,DELA_004,2019-05-28,NA,NA,NA
DELA,DELA_014,2019-05-28,NA,NA,NA
DELA,DELA_008,2019-06-19,NA,NA,NA
DELA,DELA_014,2019-06-19,NA,NA,NA
DELA,DELA_004,2019-06-19,NA,NA,NA
DELA,DELA_011,2019-06-19,NA,NA,NA
DELA,DELA_005,2019-06-19,NA,NA,NA
DELA,DELA_001,2019-06-19,NA,NA,NA
DELA,DELA_011,2019-07-08,NA,NA,NA
DELA,DELA_005,2019-07-08,NA,NA,NA
DELA,DELA_004,2019-07-08,NA,NA,NA
DELA,DELA_014,2019-07-08,NA,NA,NA
DELA,DELA_004,2019-07-08,NA,NA,NA
DELA,DELA_008,2019-07-08,NA,NA,NA
DELA,DELA_001,2019-08-01,NA,NA,NA
DELA,DELA_004,2019-08-01,NA,NA,NA
DELA,DELA_011,2019-08-01,NA,NA,NA
DELA,DELA_005,2019-08-01,NA,NA,NA
DELA,DELA_014,2019-08-01,NA,NA,NA
DELA,DELA_008,2019-08-01,NA,NA,NA
DELA,DELA_004,2019-08-19,NA,NA,NA
DELA,DELA_001,2019-08-19,NA,NA,NA
DELA,DELA_005,2019-08-19,NA,NA,NA
DELA,DELA_014,2019-08-19,NA,NA,NA
DELA,DELA_011,2019-08-19,NA,NA,NA
DELA,DELA_008,2019-08-19,NA,NA,NA
DELA,DELA_011,2019-09-10,NA,NA,NA
DELA,DELA_014,2019-09-10,NA,NA,NA
DELA,DELA_005,2019-09-10,NA,NA,NA
DELA,DELA_004,2019-09-10,NA,NA,NA
DELA,DELA_008,2019-09-10,NA,NA,NA
DELA,DELA_001,2019-09-10,NA,NA,NA
DELA,DELA_008,2019-09-30,NA,NA,NA
DELA,DELA_011,2019-09-30,NA,NA,NA
DELA,DELA_004,2019-09-30,NA,NA,NA
DELA,DELA_005,2019-09-30,NA,NA,NA
DELA,DELA_014,2019-09-30,NA,NA,NA
DELA,DELA_001,2019-09-30,NA,NA,NA
DELA,DELA_014,2020-03-23,NA,NA,NA
DELA,DELA_008,2020-03-23,NA,NA,NA
DELA,DELA_011,2020-03-23,NA,NA,NA
DELA,DELA_001,2020-03-23,NA,NA,NA
DELA,DELA_005,2020-03-23,NA,NA,NA
DELA,DELA_004,2020-03-23,NA,NA,NA
DELA,DELA_008,2020-04-13,NA,NA,NA
DELA,DELA_005,2020-04-13,NA,NA,NA
DELA,DELA_014,2020-04-13,NA,NA,NA
DELA,DELA_001,2020-04-13,NA,NA,NA
DELA,DELA_011,2020-04-13,NA,NA,NA
DELA,DELA_004,2020-04-13,NA,NA,NA
DELA,DELA_005,2020-05-04,NA,NA,NA
DELA,DELA_001,2020-05-04,NA,NA,NA
DELA,DELA_004,2020-05-04,NA,NA,NA
DELA,DELA_011,2020-05-04,NA,NA,NA
DELA,DELA_014,2020-05-04,NA,NA,NA
DELA,DELA_008,2020-05-04,NA,NA,NA
DELA,DELA_001,2020-05-28,NA,NA,NA
DELA,DELA_011,2020-05-28,NA,NA,NA
DELA,DELA_004,2020-05-28,NA,NA,NA
DELA,DELA_014,2020-05-28,NA,NA,NA
DELA,DELA_005,2020-05-28,NA,NA,NA
DELA,DELA_008,2020-05-28,NA,NA,NA
DELA,DELA_004,2020-06-15,NA,NA,NA
DELA,DELA_001,2020-06-15,NA,NA,NA
DELA,DELA_005,2020-06-15,NA,NA,NA
DELA,DELA_011,2020-06-15,NA,NA,NA
DELA,DELA_014,2020-06-15,NA,NA,NA
DELA,DELA_008,2020-06-15,NA,NA,NA
DELA,DELA_011,2020-07-06,NA,NA,NA
DELA,DELA_014,2020-07-06,NA,NA,NA
DELA,DELA_004,2020-07-06,NA,NA,NA
DELA,DELA_008,2020-07-06,NA,NA,NA
DELA,DELA_001,2020-07-06,NA,NA,NA
DELA,DELA_005,2020-07-06,NA,NA,NA
DELA,DELA_008,2020-08-03,NA,NA,NA
DELA,DELA_011,2020-08-03,NA,NA,NA
DELA,DELA_005,2020-08-03,NA,NA,NA
DELA,DELA_014,2020-08-03,NA,NA,NA
DELA,DELA_001,2020-08-03,NA,NA,NA
DELA,DELA_004,2020-08-03,NA,NA,NA
DELA,DELA_014,2020-08-19,NA,NA,NA
DELA,DELA_005,2020-08-19,NA,NA,NA
DELA,DELA_008,2020-08-19,NA,NA,NA
DELA,DELA_011,2020-08-19,NA,NA,NA
DELA,DELA_001,2020-08-19,NA,NA,NA
DELA,DELA_004,2020-08-19,NA,NA,NA
DELA,DELA_011,2020-09-08,NA,NA,NA
DELA,DELA_005,2020-09-08,NA,NA,NA
DELA,DELA_008,2020-09-08,NA,NA,NA
DELA,DELA_001,2020-09-08,NA,NA,NA
DELA,DELA_004,2020-09-08,NA,NA,NA
DELA,DELA_014,2020-09-08,NA,NA,NA
DELA,DELA_001,2021-03-01,NA,NA,NA
DELA,DELA_005,2021-03-01,NA,NA,NA
DELA,DELA_004,2021-03-01,NA,NA,NA
DELA,DELA_008,2021-03-01,NA,NA,NA
DELA,DELA_011,2021-03-01,NA,NA,NA
DELA,DELA_014,2021-03-01,NA,NA,NA
DELA,DELA_001,2021-03-22,NA,NA,NA
DELA,DELA_008,2021-03-22,NA,NA,NA
DELA,DELA_005,2021-03-22,NA,NA,NA
DELA,DELA_011,2021-03-22,NA,NA,NA
DELA,DELA_004,2021-03-22,NA,NA,NA
DELA,DELA_014,2021-03-22,NA,NA,NA
DELA,DELA_011,2021-04-12,NA,NA,NA
DELA,DELA_004,2021-04-12,NA,NA,NA
DELA,DELA_008,2021-04-12,NA,NA,NA
DELA,DELA_014,2021-04-12,NA,NA,NA
DELA,DELA_001,2021-04-12,NA,NA,NA
DELA,DELA_005,2021-04-12,NA,NA,NA
DELA,DELA_014,2021-05-06,NA,NA,NA
DELA,DELA_011,2021-05-06,NA,NA,NA
DELA,DELA_001,2021-05-06,NA,NA,NA
DELA,DELA_005,2021-05-06,NA,NA,NA
DELA,DELA_008,2021-05-06,NA,NA,NA
DELA,DELA_004,2021-05-06,NA,NA,NA
DELA,DELA_011,2021-05-26,NA,NA,NA
DELA,DELA_014,2021-05-26,NA,NA,NA
DELA,DELA_005,2021-05-26,NA,NA,NA
DELA,DELA_004,2021-05-26,NA,NA,NA
DELA,DELA_008,2021-05-26,NA,NA,NA
DELA,DELA_001,2021-05-26,NA,NA,NA
